scenario,probability,risk_ratio,sample_size
场景2: 黑暗+高速,0.2050561797752809,2.336982954673392,356
场景1: 黑暗+不良天气,0.08668730650154799,0.9879573388262594,323
场景3: 夜间+寒冷天气,0.03225806451612903,0.3676385028120758,124
